,fl_date,mkt_carrier,mkt_carrier_fl_num,origin,dest,predicted_delay
0,2020-01-01,WN,5065,ELP,LAX,-35.274063857990086
1,2020-01-01,UA,4709,XWA,DEN,58.44188415383928
2,2020-01-01,AA,3066,DFW,FSM,1.0129288573682516
3,2020-01-01,AA,3557,TXK,DFW,0.6220340299457803
4,2020-01-01,AS,64,ANC,JNU,-26.4305929630641
5,2020-01-01,AA,2932,EWR,CLT,-9.90505795648528
6,2020-01-02,UA,1204,EWR,MIA,63.093007807838376
7,2020-01-02,UA,1407,ORD,MIA,44.67288850748855
8,2020-01-02,AA,2712,ABQ,DFW,23.6984397394383
9,2020-01-03,UA,4977,IAD,JAX,103.31433973730668
10,2020-01-03,AA,5993,OKC,PHX,6.468027220258364
11,2020-01-03,AS,3409,DAL,SFO,100.63461000743996
12,2020-01-03,WN,2567,TPA,BWI,4.898335536375043
13,2020-01-05,DL,6060,ORD,JFK,32.41819054649318
14,2020-01-05,UA,211,ORD,IAD,50.47727442345263
15,2020-01-05,WN,6625,ELP,SAT,486.9919462294531
16,2020-01-05,WN,2846,SDF,PHX,-50.76914576272782
17,2020-01-06,B6,2501,JFK,FLL,75.3778703692899
18,2020-01-06,UA,1616,SNA,SFO,18.28643738542263
19,2020-01-06,UA,4426,RIC,EWR,129.7844102971353
20,2020-01-06,AA,3677,SDF,ORD,20.636075533795747
21,2020-01-06,DL,3613,SLC,SFO,2.491868028491126
22,2020-01-07,UA,403,ORD,DEN,-9.025622424259382
23,2020-01-07,DL,2313,SFO,LAX,-9.778219508366647
24,2020-01-08,AA,5744,IAH,PHX,-7.5355981220424155
25,2020-01-08,UA,6061,MCI,IAH,52.62242005052303
26,2020-01-08,DL,5324,ATL,MLI,3.6235037409740016
27,2020-01-09,AA,4166,CLT,OAJ,-2.3434997508754805
28,2020-01-09,AA,1097,TUS,DFW,-2.421278558993663
29,2020-01-09,DL,1166,ATL,MCO,8.409001159222726
30,2020-01-09,UA,2341,SFO,LAS,72.34769039955859
31,2020-01-09,AA,1679,CLT,IAH,-21.79863310934286
32,2020-01-10,F9,1030,BNA,MCO,9.878414022009792
33,2020-01-10,WN,1410,SAN,OAK,7.212242746343463
34,2020-01-10,AS,337,FLL,LAX,-6.231158513756554
35,2020-01-10,WN,1467,MCI,LAS,-3.793114497669876
36,2020-01-11,UA,4106,CLE,LGA,106.56298817973789
37,2020-01-11,UA,729,DFW,ORD,101.2200563568158
38,2020-01-12,DL,5909,PIT,BOS,0.9768389758703506
39,2020-01-12,UA,2034,RNO,DEN,114.1805462501377
40,2020-01-12,AA,555,MIA,ORD,-118.14851526921825
41,2020-01-12,DL,3521,FWA,ATL,29.951518844622115
42,2020-01-13,WN,2243,OAK,OGG,-87.45218056450744
43,2020-01-13,UA,537,EWR,LAX,-5.185135495989471
44,2020-01-13,DL,6058,LGA,BOS,19.140066557960154
45,2020-01-14,DL,3799,LGA,GSO,-7.270231894016206
46,2020-01-14,WN,1945,BUR,SFO,27.667913181337326
47,2020-01-16,F9,546,BZN,DEN,7.993370070009632
48,2020-01-17,UA,3895,IAD,STL,46.09668303429976
49,2020-01-17,WN,258,DEN,JAX,54.37277783820582
50,2020-01-17,HA,576,HNL,OGG,29.844888982736165
51,2020-01-18,HA,197,KOA,HNL,29.008305558615575
52,2020-01-19,AA,5490,LIT,CLT,15.8490486434805
53,2020-01-19,AA,4578,DCA,IND,5.479128828583498
54,2020-01-19,AA,5018,TYS,DCA,31.227166843149348
55,2020-01-19,UA,4869,IAD,EWR,65.06105251774693
56,2020-01-20,AA,3330,DFW,TRI,12.019539784567542
57,2020-01-20,DL,5478,BNA,LGA,37.375707556365114
58,2020-01-20,UA,2336,FLL,EWR,95.84479903313445
59,2020-01-21,B6,584,MCO,JFK,35.28341319913227
60,2020-01-21,UA,3982,DCA,CLE,118.00754364726367
61,2020-01-21,UA,2403,EWR,MCO,8.336486466253518
62,2020-01-21,B6,2236,MSP,BOS,160.88867009850662
63,2020-01-22,WN,6,DAL,SAT,35.887890609872386
64,2020-01-22,WN,60,HOU,DAL,84.42131432748579
65,2020-01-23,DL,506,DAY,ATL,7.064795273770869
66,2020-01-23,DL,1157,VPS,ATL,33.819396611807406
67,2020-01-23,AS,459,SLC,SEA,-16.16613190910931
68,2020-01-24,DL,1994,MCO,LGA,11.878390606487528
69,2020-01-24,WN,790,TPA,CMH,18.94725797984779
70,2020-01-24,UA,4651,ORD,MLI,100.66136358188237
71,2020-01-24,DL,1565,MSP,ATL,453.20707698547653
72,2020-01-24,DL,1287,LAX,SEA,-15.502000953229526
73,2020-01-24,WN,566,PHX,SMF,8.419921923570882
74,2020-01-25,UA,3405,IAH,TUL,101.75607296028465
75,2020-01-25,WN,2670,MSP,DEN,-2.9955565914244744
76,2020-01-25,UA,764,LAS,DEN,64.77610194751276
77,2020-01-25,HA,276,HNL,OGG,27.581650563625544
78,2020-01-25,UA,5522,MRY,LAX,95.00828778362188
79,2020-01-26,UA,490,FLL,EWR,60.16670263417541
80,2020-01-26,AA,2999,ORD,HPN,22.473104055064823
81,2020-01-26,B6,1730,RSW,JFK,56.288739787434906
82,2020-01-26,WN,4381,ABQ,DAL,-3.764663597391973
83,2020-01-26,NK,1012,RSW,EWR,-6.165920869206843
84,2020-01-27,UA,5651,DEN,BIS,116.96415971711599
85,2020-01-27,DL,1380,CVG,RSW,10.956865390898429
86,2020-01-27,DL,3563,OKC,MSP,3.37045475621926
87,2020-01-27,AA,1749,CLT,PIT,22.512340859690312
88,2020-01-27,NK,222,FLL,BNA,33.79746374079673
89,2020-01-28,DL,1590,MCI,ATL,-9.280795426821214
90,2020-01-28,AS,2619,SEA,GEG,59.51524083033701
91,2020-01-28,DL,658,SLC,LAX,-17.83242979360091
92,2020-01-29,WN,1933,IND,MCO,32.558635354681655
93,2020-01-29,AS,609,LAS,SEA,8.151696298772777
94,2020-01-30,AA,5021,GSP,CLT,9.319777348872549
95,2020-01-30,AA,5747,LBB,DFW,70.37055958667452
96,2020-01-30,WN,2248,BDL,MDW,-5.534422540644982
97,2020-01-31,AA,2905,MCI,MIA,23.839860312493556
98,2020-01-31,AA,1093,MIA,EWR,8.230961091535619
99,2020-01-31,DL,1383,BDL,ATL,9.853722161835549
