,mkt_unique_carrier,branded_code_share,mkt_carrier,mkt_carrier_fl_num,op_unique_carrier,tail_num,op_carrier_fl_num,origin_airport_id,origin,origin_city_name,dest_airport_id,dest,dest_city_name,crs_dep_time,crs_arr_time,dup,crs_elapsed_time,flights,distance,dep_weather,dep_weather_rank,arr_weather,arr_weather_rank,fl_date,origin_airport_freq,dest_airport_freq,season,weekday,month,peak_season,dep_taxi_ind,arr_taxi_ind,carriers_lateness_ind,carrier_enc,airtime_ind,orig_airp_fl_ind,dest_airp_fl_ind,orig_airp_pss_ind,dest_airp_pss_ind,orig_airp_enc,dest_airp_enc
0,WN,WN,WN,60,WN,N238WN,60,12191,HOU,"Houston, TX",11259,DAL,"Dallas, TX",2100,2200,N,60,1,239,Partly cloudy,1,Patchy rain possible,1,2020-01-22,1,2,1,2,1,0,0.04302602340147547,0.03243353905202827,-0.03725267355189793,8,0.21342394833847084,0.00716,0.0089,0.004791837723607877,0.005142880217517128,21,8
1,WN,WN,WN,4381,WN,N780SW,4381,10140,ABQ,"Albuquerque, NM",11259,DAL,"Dallas, TX",1440,1720,N,100,1,580,Partly cloudy,1,Partly cloudy,1,2020-01-26,2,2,1,6,1,0,0.05552470357244471,0.06176477462962172,-0.03725267355189793,8,0.22531183208783437,0.00334,0.0089,0.003614876233292504,0.005142880217517128,0,8
2,DL,DL,DL,1166,DL,N6715C,1166,10397,ATL,"Atlanta, GA",13204,MCO,"Orlando, FL",2035,2205,N,90,1,404,Clear,1,Clear,1,2020-01-09,2,4,1,3,1,0,0.0532356565816952,0.03243353905202827,-0.01954519343156605,3,0.35026571661163297,0.04904,0.01688,0.035132785053773576,0.01624594510922967,2,28
3,F9,F9,F9,1030,F9,N347FR,1030,10693,BNA,"Nashville, TN",13204,MCO,"Orlando, FL",645,952,N,127,1,616,Cloudy,2,Partly cloudy,1,2020-01-10,2,4,1,4,1,0,0.048601142427888974,0.0623523504240782,0.0013041744428902644,4,0.10185498550220896,0.01044,0.01688,0.00836041080586327,0.01624594510922967,4,28
4,UA,UA,UA,2403,UA,N12125,2403,11618,EWR,"Newark, NJ",13204,MCO,"Orlando, FL",930,1240,N,190,1,937,Clear,1,Partly cloudy,1,2020-01-21,4,4,1,1,1,0,0.0623523504240782,0.057866140723193765,0.05591569564467608,7,0.028251636527725693,0.02008,0.01688,0.022154442545058082,0.01624594510922967,16,28
5,WN,WN,WN,1933,WN,N8556Z,1933,12339,IND,"Indianapolis, IN",13204,MCO,"Orlando, FL",1455,1715,N,140,1,829,Overcast,2,Clear,1,2020-01-29,1,4,1,2,1,0,0.05552470357244471,0.06176477462962172,-0.03725267355189793,8,0.10185498550220896,0.00696,0.01688,0.010186154819431172,0.01624594510922967,24,28
6,DL,DL_CODESHARE,DL,5324,9E,N329PQ,5324,10397,ATL,"Atlanta, GA",13367,MLI,"Moline, IL",940,1043,N,123,1,633,Clear,1,Partly cloudy,1,2020-01-08,2,2,1,2,1,0,0.0623523504240782,0.05951360975456419,-0.01954519343156605,3,0.10185498550220896,0.04904,0.00074,0.035132785053773576,0.0009266014294751861,2,31
7,UA,UA_CODESHARE,UA,4651,AX,N11119,4651,13930,ORD,"Chicago, IL",13367,MLI,"Moline, IL",1535,1643,N,68,1,139,Light drizzle,1,Light drizzle,1,2020-01-24,6,2,1,4,1,0,0.059419307466565,0.056478204484436495,0.05591569564467608,7,0.35026571661163297,0.04976,0.00074,0.04211271586825138,0.0009266014294751861,39,31
8,DL,DL,DL,1590,DL,N860DN,1590,13198,MCI,"Kansas City, MO",10397,ATL,"Atlanta, GA",811,1113,N,122,1,692,Overcast,2,Partly cloudy,1,2020-01-28,4,6,1,1,1,0,0.06609300784804596,0.05816597363888349,-0.01954519343156605,3,0.10185498550220896,0.00626,0.04904,0.007236751780113873,0.035132785053773576,32,0
9,DL,DL_CODESHARE,DL,3521,OO,N921EV,3521,11823,FWA,"Fort Wayne, IN",10397,ATL,"Atlanta, GA",1119,1321,N,122,1,508,Moderate or heavy sleet,2,Patchy rain possible,1,2020-01-12,1,6,1,6,1,0,0.05816597363888349,0.05404407705061131,-0.01954519343156605,3,0.10185498550220896,0.00086,0.04904,0.0010547427079267227,0.035132785053773576,18,0
10,DL,DL,DL,1565,DL,N544US,1565,13487,MSP,"Minneapolis, MN",10397,ATL,"Atlanta, GA",730,1106,N,156,1,907,Heavy snow,3,Heavy rain,3,2020-01-24,3,6,1,4,1,0,0.05530305289552354,0.05816597363888349,-0.01954519343156605,3,0.047492080333921785,0.01992,0.04904,0.023263026126283767,0.035132785053773576,36,0
11,DL,DL,DL,1383,DL,N912DE,1383,10529,BDL,"Hartford, CT",10397,ATL,"Atlanta, GA",1858,2145,N,167,1,859,Overcast,2,Overcast,2,2020-01-31,2,6,1,4,1,0,0.05965869019763986,0.04302602340147547,-0.01954519343156605,3,0.047492080333921785,0.0039,0.04904,0.004638929643438817,0.035132785053773576,3,0
12,DL,DL,DL,506,DL,N911DA,506,11267,DAY,"Dayton, OH",10397,ATL,"Atlanta, GA",1025,1209,N,104,1,432,Overcast,2,Cloudy,2,2020-01-23,1,6,1,3,1,0,0.05951360975456419,0.057866140723193765,-0.01954519343156605,3,0.22531183208783437,0.00176,0.04904,0.002048106820292625,0.035132785053773576,11,0
13,DL,DL,DL,1157,DL,N306DQ,1157,15624,VPS,"Valparaiso, FL",10397,ATL,"Atlanta, GA",600,815,N,75,1,250,Partly cloudy,1,Cloudy,2,2020-01-23,1,6,1,3,1,0,0.048601142427888974,0.06609300784804596,-0.01954519343156605,3,0.35026571661163297,0.0009,0.04904,0.0008232269527411734,0.035132785053773576,55,0
14,AA,AA,AA,2905,AA,N196AA,2905,13198,MCI,"Kansas City, MO",13303,MIA,"Miami, FL",1745,2144,N,179,1,1251,Cloudy,2,Partly cloudy,1,2020-01-31,4,3,1,4,1,0,0.06176477462962172,0.04302602340147547,-0.001449590526739375,0,0.028251636527725693,0.00626,0.01078,0.007236751780113873,0.02304389377195698,32,30
15,UA,UA,UA,1407,UA,N850UA,1407,13930,ORD,"Chicago, IL",13303,MIA,"Miami, FL",1127,1531,N,184,1,1197,Partly cloudy,1,Partly cloudy,1,2020-01-02,6,3,1,3,1,0,0.05816597363888349,0.059419307466565,0.05591569564467608,7,0.028251636527725693,0.04976,0.01078,0.04211271586825138,0.02304389377195698,39,30
16,UA,UA,UA,1204,UA,N475UA,1204,11618,EWR,"Newark, NJ",13303,MIA,"Miami, FL",1829,2140,N,191,1,1085,Partly cloudy,1,Partly cloudy,1,2020-01-02,4,3,1,3,1,0,0.05965869019763986,0.04302602340147547,0.05591569564467608,7,0.028251636527725693,0.02008,0.01078,0.022154442545058082,0.02304389377195698,16,30
17,UA,UA_CODESHARE,UA,6061,YV,N89308,6061,13198,MCI,"Kansas City, MO",12266,IAH,"Houston, TX",1105,1321,N,136,1,643,Partly cloudy,1,Clear,1,2020-01-08,4,2,1,2,1,0,0.05816597363888349,0.05404407705061131,0.05591569564467608,7,0.10185498550220896,0.00626,0.02232,0.007236751780113873,0.024859946428331066,32,20
18,AA,AA,AA,1679,AA,N840AW,1679,11057,CLT,"Charlotte, NC",12266,IAH,"Houston, TX",740,938,N,178,1,912,Clear,1,Cloudy,2,2020-01-09,3,2,1,3,1,0,0.05530305289552354,0.0623523504240782,-0.001449590526739375,0,0.028251636527725693,0.03218,0.02232,0.019152813858640788,0.024859946428331066,8,20
19,WN,WN,WN,1467,WN,N217JC,1467,13198,MCI,"Kansas City, MO",12889,LAS,"Las Vegas, NV",1450,1600,N,190,1,1139,Patchy rain possible,1,Clear,1,2020-01-10,4,2,1,4,1,0,0.05552470357244471,0.056478204484436495,-0.03725267355189793,8,0.028251636527725693,0.00626,0.02098,0.007236751780113873,0.015935283270294646,32,25
20,UA,UA,UA,2341,UA,N774UA,2341,14771,SFO,"San Francisco, CA",12889,LAS,"Las Vegas, NV",1638,1811,N,93,1,414,Partly cloudy,1,Partly cloudy,1,2020-01-09,2,2,1,3,1,0,0.056478204484436495,0.05965869019763986,0.05591569564467608,7,0.22531183208783437,0.02218,0.02098,0.01793654853081717,0.015935283270294646,48,25
21,DL,DL,DL,1994,DL,N387DN,1994,13204,MCO,"Orlando, FL",12953,LGA,"New York, NY",1957,2231,N,154,1,950,Cloudy,2,Overcast,2,2020-01-24,2,3,1,4,1,0,0.056196103622900465,0.03243353905202827,-0.01954519343156605,3,0.047492080333921785,0.01688,0.0205,0.01624594510922967,0.011639858398503223,33,27
22,DL,DL_CODESHARE,DL,5478,9E,N923XJ,5478,10693,BNA,"Nashville, TN",12953,LGA,"New York, NY",1556,1919,N,143,1,764,Clear,1,Patchy light snow,1,2020-01-20,2,3,1,0,1,0,0.059419307466565,0.056196103622900465,-0.01954519343156605,3,0.10185498550220896,0.01044,0.0205,0.00836041080586327,0.011639858398503223,4,27
23,UA,UA_CODESHARE,UA,4106,EV,N13908,4106,11042,CLE,"Cleveland, OH",12953,LGA,"New York, NY",1643,1829,N,106,1,419,Partly cloudy,1,Overcast,2,2020-01-11,1,3,1,5,1,0,0.056478204484436495,0.05965869019763986,0.05591569564467608,7,0.22531183208783437,0.00676,0.0205,0.006794179801596382,0.011639858398503223,7,27
24,B6,B6,B6,584,B6,N957JB,584,13204,MCO,"Orlando, FL",12478,JFK,"New York, NY",1255,1529,N,154,1,944,Partly cloudy,1,Clear,1,2020-01-21,2,3,1,1,1,0,0.057866140723193765,0.059419307466565,0.027142308915671882,2,0.047492080333921785,0.01688,0.0166,0.01624594510922967,0.0201924811220438,33,23
25,DL,DL_CODESHARE,DL,6060,YX,N872RW,6060,13930,ORD,"Chicago, IL",12478,JFK,"New York, NY",1040,1403,N,143,1,740,Partly cloudy,1,Patchy rain possible,1,2020-01-05,6,3,1,6,1,0,0.05951360975456419,0.05552470357244471,-0.01954519343156605,3,0.10185498550220896,0.04976,0.0166,0.04211271586825138,0.0201924811220438,39,23
26,B6,B6,B6,1730,B6,N775JB,1730,14635,RSW,"Fort Myers, FL",12478,JFK,"New York, NY",1951,2229,N,158,1,1074,Partly cloudy,1,Partly cloudy,1,2020-01-26,2,3,1,6,1,0,0.056196103622900465,0.03243353905202827,0.027142308915671882,2,0.047492080333921785,0.00422,0.0166,0.004991048954814047,0.0201924811220438,44,23
27,AA,AA_CODESHARE,AA,3330,MQ,N858AE,3330,11298,DFW,"Dallas/Fort Worth, TX",15323,TRI,"Bristol/Johnson City/Kingsport, TN",2040,2358,N,138,1,868,Partly cloudy,1,Partly cloudy,1,2020-01-20,3,1,1,0,1,0,0.0532356565816952,0.01814795142384365,-0.001449590526739375,0,0.10185498550220896,0.03598,0.00048,0.023282947249404384,0.00046841559770099473,14,45
28,AA,AA_CODESHARE,AA,3066,OO,N730SK,3066,11298,DFW,"Dallas/Fort Worth, TX",11778,FSM,"Fort Smith, AR",1639,1746,N,67,1,227,Clear,1,Partly cloudy,1,2020-01-01,3,1,1,2,1,0,0.056478204484436495,0.06176477462962172,-0.001449590526739375,0,0.35026571661163297,0.03598,0.00024,0.023282947249404384,0.00019651918754122193,14,14
29,UA,UA,UA,729,UA,N803UA,729,11298,DFW,"Dallas/Fort Worth, TX",13930,ORD,"Chicago, IL",800,1022,N,142,1,801,Moderate or heavy rain shower,2,Heavy rain,3,2020-01-11,3,3,1,5,1,0,0.06609300784804596,0.05951360975456419,0.05591569564467608,7,0.10185498550220896,0.03598,0.04976,0.023282947249404384,0.04211271586825138,14,36
30,AA,AA_CODESHARE,AA,3677,MQ,N674RJ,3677,14730,SDF,"Louisville, KY",13930,ORD,"Chicago, IL",1842,1921,N,99,1,286,Cloudy,2,Partly cloudy,1,2020-01-06,2,3,1,0,1,0,0.05965869019763986,0.056196103622900465,-0.001449590526739375,0,0.22531183208783437,0.00366,0.04976,0.0106944126633734,0.04211271586825138,46,36
31,AA,AA,AA,555,AA,N910AU,555,13303,MIA,"Miami, FL",13930,ORD,"Chicago, IL",1335,1605,N,210,1,1197,Patchy rain possible,1,Blizzard,4,2020-01-12,2,3,1,6,1,0,0.05404407705061131,0.056478204484436495,-0.001449590526739375,0,0.024073040816388756,0.01078,0.04976,0.02304389377195698,0.04211271586825138,34,36
32,UA,UA,UA,490,UA,N62883,490,11697,FLL,"Fort Lauderdale, FL",11618,EWR,"Newark, NJ",1215,1516,N,181,1,1065,Clear,1,Partly cloudy,1,2020-01-26,4,6,1,6,1,0,0.057866140723193765,0.059419307466565,0.05591569564467608,7,0.028251636527725693,0.01284,0.02008,0.013969014577416446,0.022154442545058082,17,12
33,UA,UA,UA,2336,UA,N41135,2336,11697,FLL,"Fort Lauderdale, FL",11618,EWR,"Newark, NJ",2057,2359,N,182,1,1065,Partly cloudy,1,Patchy light snow,1,2020-01-20,4,6,1,0,1,0,0.0532356565816952,0.01814795142384365,0.05591569564467608,7,0.028251636527725693,0.01284,0.02008,0.013969014577416446,0.022154442545058082,17,12
34,UA,UA_CODESHARE,UA,4426,EV,N13553,4426,14524,RIC,"Richmond, VA",11618,EWR,"Newark, NJ",545,714,N,89,1,277,Partly cloudy,1,Patchy light snow,1,2020-01-06,1,6,1,0,1,0,0.02774663473822249,0.05530305289552354,0.05591569564467608,7,0.35026571661163297,0.00318,0.02008,0.00339035979163582,0.022154442545058082,42,12
35,UA,UA_CODESHARE,UA,4869,C5,N14198,4869,12264,IAD,"Washington, DC",11618,EWR,"Newark, NJ",1250,1430,N,100,1,212,Partly cloudy,1,Overcast,2,2020-01-19,3,6,1,6,1,0,0.057866140723193765,0.05552470357244471,0.05591569564467608,7,0.22531183208783437,0.01252,0.02008,0.014227989177984467,0.022154442545058082,22,12
36,AA,AA,AA,1093,AA,N156UW,1093,13303,MIA,"Miami, FL",11618,EWR,"Newark, NJ",1735,2036,N,181,1,1085,Partly cloudy,1,Partly cloudy,1,2020-01-31,2,6,1,4,1,0,0.06176477462962172,0.0532356565816952,-0.001449590526739375,0,0.028251636527725693,0.01078,0.02008,0.02304389377195698,0.022154442545058082,34,12
37,NK,NK,NK,1012,NK,N603NK,1012,14635,RSW,"Fort Myers, FL",11618,EWR,"Newark, NJ",1015,1302,N,167,1,1068,Partly cloudy,1,Partly cloudy,1,2020-01-26,2,6,1,6,1,0,0.05951360975456419,0.05404407705061131,-0.013690232424457261,6,0.047492080333921785,0.00422,0.02008,0.004991048954814047,0.022154442545058082,44,12
38,AS,AS,AS,337,AS,N549AS,337,11697,FLL,"Fort Lauderdale, FL",12892,LAX,"Los Angeles, CA",1945,2244,N,359,1,2343,Light rain shower,1,Clear,1,2020-01-10,4,6,1,4,1,0,0.056196103622900465,0.03243353905202827,-0.025749633447661385,1,3.506300669855876e-05,0.01284,0.03138,0.013969014577416446,0.028127010620112258,17,26
39,WN,WN,WN,5065,WN,N8556Z,5065,11540,ELP,"El Paso, TX",12892,LAX,"Los Angeles, CA",1610,1715,N,125,1,715,Partly cloudy,1,Partly cloudy,1,2020-01-01,2,6,1,2,1,0,0.056478204484436495,0.06176477462962172,-0.03725267355189793,8,0.10185498550220896,0.00216,0.03138,0.0027927260980173097,0.028127010620112258,15,26
40,DL,DL,DL,658,DL,N544US,658,14869,SLC,"Salt Lake City, UT",12892,LAX,"Los Angeles, CA",620,731,N,131,1,590,Partly cloudy,1,Clear,1,2020-01-28,3,6,1,1,1,0,0.048601142427888974,0.05530305289552354,-0.01954519343156605,3,0.10185498550220896,0.01512,0.03138,0.013807491957519551,0.028127010620112258,49,26
41,DL,DL,DL,2313,DL,N393DA,2313,14771,SFO,"San Francisco, CA",12892,LAX,"Los Angeles, CA",920,1056,N,96,1,337,Clear,1,Partly cloudy,1,2020-01-07,2,6,1,1,1,0,0.0623523504240782,0.05951360975456419,-0.01954519343156605,3,0.22531183208783437,0.02218,0.03138,0.01793654853081717,0.028127010620112258,48,26
42,UA,UA_CODESHARE,UA,5522,OO,N908SW,5522,13476,MRY,"Monterey, CA",12892,LAX,"Los Angeles, CA",1138,1307,N,89,1,266,Partly cloudy,1,Partly cloudy,1,2020-01-25,1,6,1,5,1,0,0.05816597363888349,0.05404407705061131,0.05591569564467608,7,0.35026571661163297,0.0007,0.03138,0.00044903288331336736,0.028127010620112258,35,26
43,UA,UA,UA,537,UA,N512UA,537,11618,EWR,"Newark, NJ",12892,LAX,"Los Angeles, CA",1700,2028,N,388,1,2454,Overcast,2,Partly cloudy,1,2020-01-13,4,6,1,0,1,0,0.06176477462962172,0.0532356565816952,0.05591569564467608,7,4.878331366756001e-05,0.02008,0.03138,0.022154442545058082,0.028127010620112258,16,26
44,NK,NK,NK,222,NK,N917NK,222,11697,FLL,"Fort Lauderdale, FL",10693,BNA,"Nashville, TN",1746,1921,N,155,1,793,Partly cloudy,1,Overcast,2,2020-01-27,4,1,1,0,1,0,0.06176477462962172,0.056196103622900465,-0.013690232424457261,6,0.047492080333921785,0.01284,0.01044,0.013969014577416446,0.00836041080586327,17,2
45,AA,AA_CODESHARE,AA,5018,OH,N226JS,5018,15412,TYS,"Knoxville, TN",11278,DCA,"Washington, DC",616,750,N,94,1,437,Patchy light rain,1,Partly cloudy,1,2020-01-19,1,1,1,6,1,0,0.048601142427888974,0.05530305289552354,-0.001449590526739375,0,0.22531183208783437,0.00266,0.01814,0.0024153015761915657,0.010507046424293003,54,9
46,HA,HA,HA,197,HA,N488HA,197,12758,KOA,"Kona, HI",12173,HNL,"Honolulu, HI",1049,1135,N,46,1,163,Light drizzle,1,Partly cloudy,1,2020-01-18,1,1,1,5,1,0,0.05951360975456419,0.05816597363888349,-0.00437839621376152,5,0.21342394833847084,0.00198,0.00698,0.0015059292261720486,0.005945647638404695,26,17
47,HA,HA,HA,576,HA,N476HA,576,12173,HNL,"Honolulu, HI",13830,OGG,"Kahului, HI",2035,2114,N,39,1,100,Partly cloudy,1,Partly cloudy,1,2020-01-17,2,3,1,4,1,0,0.0532356565816952,0.04302602340147547,-0.00437839621376152,5,0.21342394833847084,0.00698,0.0032,0.005945647638404695,0.0020012652605225258,20,35
48,HA,HA,HA,276,HA,N493HA,276,12173,HNL,"Honolulu, HI",13830,OGG,"Kahului, HI",1230,1314,N,44,1,100,Clear,1,Patchy rain possible,1,2020-01-25,2,3,1,5,1,0,0.057866140723193765,0.05404407705061131,-0.00437839621376152,5,0.21342394833847084,0.00698,0.0032,0.005945647638404695,0.0020012652605225258,20,35
49,WN,WN,WN,2243,WN,N8316H,2243,13796,OAK,"Oakland, CA",13830,OGG,"Kahului, HI",1000,1350,N,350,1,2349,Patchy rain possible,1,Patchy rain possible,1,2020-01-13,1,3,1,0,1,0,0.05951360975456419,0.05404407705061131,-0.03725267355189793,8,3.506300669855876e-05,0.00674,0.0032,0.006780181174538651,0.0020012652605225258,37,35
50,DL,DL_CODESHARE,DL,3799,OO,N269SY,3799,12953,LGA,"New York, NY",11995,GSO,"Greensboro/High Point, NC",1046,1248,N,122,1,461,Partly cloudy,1,Moderate rain,2,2020-01-14,2,1,1,1,1,0,0.05951360975456419,0.057866140723193765,-0.01954519343156605,3,0.10185498550220896,0.0205,0.00228,0.011639858398503223,0.002587053962015264,30,16
51,DL,DL_CODESHARE,DL,6058,YX,N204JQ,6058,12953,LGA,"New York, NY",10721,BOS,"Boston, MA",1200,1325,N,85,1,184,Overcast,2,Overcast,2,2020-01-13,2,3,1,0,1,0,0.057866140723193765,0.05404407705061131,-0.01954519343156605,3,0.35026571661163297,0.0205,0.01854,0.011639858398503223,0.014261908928162814,30,3
52,B6,B6,B6,2236,B6,N665JB,2236,13487,MSP,"Minneapolis, MN",10721,BOS,"Boston, MA",540,933,N,173,1,1124,Freezing fog,3,Partly cloudy,1,2020-01-21,3,3,1,1,1,0,0.02774663473822249,0.0623523504240782,0.027142308915671882,2,0.047492080333921785,0.01992,0.01854,0.023263026126283767,0.014261908928162814,36,3
53,DL,DL_CODESHARE,DL,5909,YX,N239JQ,5909,14122,PIT,"Pittsburgh, PA",10721,BOS,"Boston, MA",1927,2117,N,110,1,496,Moderate rain at times,2,Cloudy,2,2020-01-12,1,3,1,6,1,0,0.056196103622900465,0.04302602340147547,-0.01954519343156605,3,0.22531183208783437,0.00656,0.01854,0.007334203760785,0.014261908928162814,41,3
54,AA,AA,AA,1749,AA,N680AW,1749,11057,CLT,"Charlotte, NC",14122,PIT,"Pittsburgh, PA",2019,2145,N,86,1,366,Partly cloudy,1,Moderate snow,2,2020-01-27,3,1,1,0,1,0,0.0532356565816952,0.04302602340147547,-0.001449590526739375,0,0.35026571661163297,0.03218,0.00656,0.019152813858640788,0.007334203760785,8,38
55,AA,AA_CODESHARE,AA,4166,MQ,N858AE,4166,11057,CLT,"Charlotte, NC",13795,OAJ,"Jacksonville/Camp Lejeune, NC",1809,1912,N,63,1,191,Clear,1,Clear,1,2020-01-09,3,1,1,3,1,0,0.05965869019763986,0.056196103622900465,-0.001449590526739375,0,0.21342394833847084,0.03218,0.0005,0.019152813858640788,0.00027943413242162787,8,33
56,DL,DL_CODESHARE,DL,3563,OO,N607SK,3563,13851,OKC,"Oklahoma City, OK",13487,MSP,"Minneapolis, MN",700,920,N,140,1,694,Partly cloudy,1,Mist,2,2020-01-27,2,1,1,0,1,0,0.05530305289552354,0.0623523504240782,-0.01954519343156605,3,0.10185498550220896,0.00326,0.01992,0.003533576514611067,0.023263026126283767,38,32
57,AA,AA_CODESHARE,AA,5993,YV,N933LR,5993,13851,OKC,"Oklahoma City, OK",14107,PHX,"Phoenix, AZ",1557,1733,N,156,1,833,Light rain shower,1,Partly cloudy,1,2020-01-03,2,3,1,4,1,0,0.059419307466565,0.06176477462962172,-0.001449590526739375,0,0.047492080333921785,0.00326,0.0222,0.003533576514611067,0.01658568101974614,38,37
58,WN,WN,WN,2846,WN,N8697C,2846,14730,SDF,"Louisville, KY",14107,PHX,"Phoenix, AZ",930,1135,N,245,1,1506,Partly cloudy,1,Clear,1,2020-01-05,2,3,1,6,1,0,0.0623523504240782,0.05816597363888349,-0.03725267355189793,8,0.008076687369085404,0.00366,0.0222,0.0106944126633734,0.01658568101974614,46,37
59,AA,AA_CODESHARE,AA,5744,YV,N326MS,5744,12266,IAH,"Houston, TX",14107,PHX,"Phoenix, AZ",810,1024,N,194,1,1009,Clear,1,Partly cloudy,1,2020-01-08,2,3,1,2,1,0,0.06609300784804596,0.05951360975456419,-0.001449590526739375,0,0.028251636527725693,0.02232,0.0222,0.024859946428331066,0.01658568101974614,23,37
60,UA,UA,UA,1616,UA,N17244,1616,14908,SNA,"Santa Ana, CA",14771,SFO,"San Francisco, CA",954,1126,N,92,1,372,Clear,1,Partly cloudy,1,2020-01-06,1,4,1,0,1,0,0.0623523504240782,0.05816597363888349,0.05591569564467608,7,0.35026571661163297,0.00528,0.02218,0.0025859771445492846,0.01793654853081717,50,42
61,DL,DL_CODESHARE,DL,3613,OO,N246SY,3613,14869,SLC,"Salt Lake City, UT",14771,SFO,"San Francisco, CA",1700,1819,N,139,1,599,Patchy moderate snow,1,Partly cloudy,1,2020-01-06,3,4,1,0,1,0,0.06176477462962172,0.05965869019763986,-0.01954519343156605,3,0.10185498550220896,0.01512,0.02218,0.013807491957519551,0.01793654853081717,49,42
62,WN,WN,WN,1945,WN,N469WN,1945,10800,BUR,"Burbank, CA",14771,SFO,"San Francisco, CA",1955,2115,N,80,1,326,Clear,1,Light rain shower,1,2020-01-14,1,4,1,1,1,0,0.056196103622900465,0.04302602340147547,-0.03725267355189793,8,0.35026571661163297,0.00398,0.02218,0.002800263820279165,0.01793654853081717,5,42
63,AS,AS_CODESHARE,AS,3409,OO,N403SY,3409,11259,DAL,"Dallas, TX",14771,SFO,"San Francisco, CA",1815,2029,N,254,1,1476,Partly cloudy,1,Overcast,2,2020-01-03,2,4,1,4,1,0,0.05965869019763986,0.0532356565816952,-0.025749633447661385,1,0.0009939600159765353,0.0089,0.02218,0.005142880217517128,0.01793654853081717,10,42
64,WN,WN,WN,2670,WN,N410WN,2670,13487,MSP,"Minneapolis, MN",11292,DEN,"Denver, CO",1420,1530,N,130,1,680,Mist,2,Cloudy,2,2020-01-25,3,6,1,5,1,0,0.05552470357244471,0.059419307466565,-0.03725267355189793,8,0.10185498550220896,0.01992,0.0344,0.023263026126283767,0.030771674316557415,36,10
65,UA,UA,UA,764,UA,N39461,764,12889,LAS,"Las Vegas, NV",11292,DEN,"Denver, CO",1330,1625,N,115,1,628,Partly cloudy,1,Cloudy,2,2020-01-25,2,6,1,5,1,0,0.05404407705061131,0.056478204484436495,0.05591569564467608,7,0.22531183208783437,0.02098,0.0344,0.015935283270294646,0.030771674316557415,27,10
66,UA,UA,UA,403,UA,N75851,403,13930,ORD,"Chicago, IL",11292,DEN,"Denver, CO",645,828,N,163,1,888,Overcast,2,Partly cloudy,1,2020-01-07,6,6,1,1,1,0,0.048601142427888974,0.06609300784804596,0.05591569564467608,7,0.047492080333921785,0.04976,0.0344,0.04211271586825138,0.030771674316557415,39,10
67,UA,UA,UA,2034,UA,N479UA,2034,14570,RNO,"Reno, NV",11292,DEN,"Denver, CO",1610,1920,N,130,1,804,Overcast,2,Partly cloudy,1,2020-01-12,1,6,1,6,1,0,0.056478204484436495,0.056196103622900465,0.05591569564467608,7,0.10185498550220896,0.00322,0.0344,0.0024799106241503235,0.030771674316557415,43,10
68,UA,UA_CODESHARE,UA,4709,AX,N14153,4709,16869,XWA,"Williston, ND",11292,DEN,"Denver, CO",1659,1808,N,129,1,582,Partly cloudy,1,Partly cloudy,1,2020-01-01,1,6,1,2,1,0,0.056478204484436495,0.05965869019763986,0.05591569564467608,7,0.10185498550220896,2e-05,0.0344,9.09910758752507e-05,0.030771674316557415,56,10
69,F9,F9,F9,546,F9,N233FR,546,10849,BZN,"Bozeman, MT",11292,DEN,"Denver, CO",1823,2006,N,103,1,524,Overcast,2,Partly cloudy,1,2020-01-16,1,6,1,3,1,0,0.05965869019763986,0.0532356565816952,0.0013041744428902644,4,0.22531183208783437,0.00064,0.0344,0.0014703942497947316,0.030771674316557415,6,10
70,WN,WN,WN,6625,WN,N779SW,6625,11540,ELP,"El Paso, TX",14683,SAT,"San Antonio, TX",2200,20,N,80,1,496,Clear,1,Clear,1,2020-01-05,2,2,1,6,1,0,0.03243353905202827,0.008156744910698958,-0.03725267355189793,8,0.35026571661163297,0.00216,0.00524,0.0027927260980173097,0.0062444644852139505,15,40
71,WN,WN,WN,6,WN,N446WN,6,11259,DAL,"Dallas, TX",14683,SAT,"San Antonio, TX",905,1015,N,70,1,247,Patchy rain possible,1,Overcast,2,2020-01-22,2,2,1,2,1,0,0.0623523504240782,0.05951360975456419,-0.03725267355189793,8,0.35026571661163297,0.0089,0.00524,0.005142880217517128,0.0062444644852139505,10,40
72,DL,DL,DL,1287,DL,N381DN,1287,12892,LAX,"Los Angeles, CA",14747,SEA,"Seattle, WA",750,1045,N,175,1,954,Partly cloudy,1,Light rain,1,2020-01-24,1,3,1,4,1,0,0.05530305289552354,0.05951360975456419,-0.01954519343156605,3,0.028251636527725693,0.03138,0.024,0.028127010620112258,0.017266229658245057,28,41
73,AS,AS,AS,459,AS,N290AK,459,14869,SLC,"Salt Lake City, UT",14747,SEA,"Seattle, WA",635,758,N,143,1,689,Partly cloudy,1,Light rain,1,2020-01-23,3,3,1,3,1,0,0.048601142427888974,0.05530305289552354,-0.025749633447661385,1,0.10185498550220896,0.01512,0.024,0.013807491957519551,0.017266229658245057,49,41
74,AS,AS,AS,609,AS,N264AK,609,12889,LAS,"Las Vegas, NV",14747,SEA,"Seattle, WA",1500,1750,N,170,1,867,Clear,1,Patchy rain possible,1,2020-01-29,2,3,1,2,1,0,0.059419307466565,0.06176477462962172,-0.025749633447661385,1,0.047492080333921785,0.02098,0.024,0.015935283270294646,0.017266229658245057,27,41
75,AA,AA_CODESHARE,AA,2999,OO,N738SK,2999,13930,ORD,"Chicago, IL",12197,HPN,"White Plains, NY",1250,1559,N,129,1,738,Moderate snow,2,Partly cloudy,1,2020-01-26,6,1,1,6,1,0,0.057866140723193765,0.059419307466565,-0.001449590526739375,0,0.10185498550220896,0.04976,0.00144,0.04211271586825138,0.0026898900300162867,39,18
76,UA,UA,UA,211,UA,N494UA,211,13930,ORD,"Chicago, IL",12264,IAD,"Washington, DC",1827,2120,N,113,1,588,Partly cloudy,1,Patchy sleet possible,1,2020-01-05,6,1,1,6,1,0,0.05965869019763986,0.04302602340147547,0.05591569564467608,7,0.22531183208783437,0.04976,0.01252,0.04211271586825138,0.014227989177984467,39,19
77,UA,UA_CODESHARE,UA,5651,OO,N923SW,5651,11292,DEN,"Denver, CO",10627,BIS,"Bismarck/Mandan, ND",1720,2010,N,110,1,516,Partly cloudy,1,Partly cloudy,1,2020-01-27,2,1,1,0,1,0,0.06176477462962172,0.0532356565816952,0.05591569564467608,7,0.22531183208783437,0.0344,0.00064,0.030771674316557415,0.0008092283256834426,13,1
78,WN,WN,WN,258,WN,N7883A,258,11292,DEN,"Denver, CO",12451,JAX,"Jacksonville, FL",1425,1925,N,180,1,1447,Partly cloudy,1,Patchy rain possible,1,2020-01-17,2,2,1,4,1,0,0.05552470357244471,0.056196103622900465,-0.03725267355189793,8,0.028251636527725693,0.0344,0.00444,0.030771674316557415,0.004056371394344016,13,22
79,UA,UA_CODESHARE,UA,4977,C5,N13161,4977,12264,IAD,"Washington, DC",12451,JAX,"Jacksonville, FL",1230,1444,N,134,1,630,Moderate rain,2,Partly cloudy,1,2020-01-03,3,2,1,4,1,0,0.057866140723193765,0.05552470357244471,0.05591569564467608,7,0.10185498550220896,0.01252,0.00444,0.014227989177984467,0.004056371394344016,22,22
80,WN,WN,WN,566,WN,N213WN,566,14107,PHX,"Phoenix, AZ",14893,SMF,"Sacramento, CA",2150,2250,N,120,1,647,Clear,1,Cloudy,2,2020-01-24,1,1,1,4,1,0,0.04302602340147547,0.03243353905202827,-0.03725267355189793,8,0.10185498550220896,0.0222,0.00682,0.01658568101974614,0.0044628699877512015,40,43
81,AA,AA_CODESHARE,AA,3557,MQ,N821AE,3557,15401,TXK,"Texarkana, AR",11298,DFW,"Dallas/Fort Worth, TX",1021,1130,N,69,1,181,Clear,1,Clear,1,2020-01-01,1,4,1,2,1,0,0.05951360975456419,0.05816597363888349,-0.001449590526739375,0,0.35026571661163297,8e-05,0.03598,9.206789334123e-05,0.023282947249404384,53,11
82,AA,AA,AA,1097,AA,N950AN,1097,15376,TUS,"Tucson, AZ",11298,DFW,"Dallas/Fort Worth, TX",1635,1943,N,128,1,813,Clear,1,Cloudy,2,2020-01-09,1,4,1,3,1,0,0.056478204484436495,0.056196103622900465,-0.001449590526739375,0,0.10185498550220896,0.00242,0.03598,0.0021972460393307578,0.023282947249404384,52,11
83,AA,AA_CODESHARE,AA,5747,YV,N942LR,5747,12896,LBB,"Lubbock, TX",11298,DFW,"Dallas/Fort Worth, TX",502,610,N,68,1,282,Partly cloudy,1,Cloudy,2,2020-01-30,1,4,1,3,1,0,0.02774663473822249,0.048601142427888974,-0.001449590526739375,0,0.35026571661163297,0.00092,0.03598,0.0011796535339803212,0.023282947249404384,29,11
84,AA,AA,AA,2712,AA,N870NN,2712,10140,ABQ,"Albuquerque, NM",11298,DFW,"Dallas/Fort Worth, TX",1449,1737,N,108,1,569,Cloudy,2,Partly cloudy,1,2020-01-02,2,4,1,3,1,0,0.05552470357244471,0.06176477462962172,-0.001449590526739375,0,0.22531183208783437,0.00334,0.03598,0.003614876233292504,0.023282947249404384,0,11
85,AA,AA_CODESHARE,AA,5021,OH,N606NN,5021,11996,GSP,"Greer, SC",11057,CLT,"Charlotte, NC",1609,1712,N,63,1,75,Partly cloudy,1,Light drizzle,1,2020-01-30,1,3,1,3,1,0,0.056478204484436495,0.06176477462962172,-0.001449590526739375,0,0.21342394833847084,0.00174,0.03218,0.002445452465238986,0.019152813858640788,19,6
86,AA,AA_CODESHARE,AA,5490,OH,N589NN,5490,12992,LIT,"Little Rock, AR",11057,CLT,"Charlotte, NC",1815,2116,N,121,1,640,Clear,1,Overcast,2,2020-01-19,1,3,1,6,1,0,0.05965869019763986,0.04302602340147547,-0.001449590526739375,0,0.10185498550220896,0.00182,0.03218,0.001830589692164807,0.019152813858640788,31,6
87,AA,AA,AA,2932,AA,N976AN,2932,11618,EWR,"Newark, NJ",11057,CLT,"Charlotte, NC",1923,2129,N,126,1,529,Partly cloudy,1,Clear,1,2020-01-01,4,3,1,2,1,0,0.056196103622900465,0.04302602340147547,-0.001449590526739375,0,0.10185498550220896,0.02008,0.03218,0.022154442545058082,0.019152813858640788,16,6
88,UA,UA_CODESHARE,UA,3982,EV,N34110,3982,11278,DCA,"Washington, DC",11042,CLE,"Cleveland, OH",2030,2157,N,87,1,310,Partly cloudy,1,Cloudy,2,2020-01-21,2,1,1,1,1,0,0.0532356565816952,0.04302602340147547,0.05591569564467608,7,0.35026571661163297,0.01814,0.00676,0.010507046424293003,0.006794179801596382,12,5
89,AA,AA_CODESHARE,AA,4578,YX,N430YX,4578,11278,DCA,"Washington, DC",12339,IND,"Indianapolis, IN",1700,1859,N,119,1,500,Partly cloudy,1,Overcast,2,2020-01-19,2,1,1,6,1,0,0.06176477462962172,0.05965869019763986,-0.001449590526739375,0,0.22531183208783437,0.01814,0.00696,0.010507046424293003,0.010186154819431172,12,21
90,WN,WN,WN,2248,WN,N704SW,2248,10529,BDL,"Hartford, CT",13232,MDW,"Chicago, IL",545,725,N,160,1,777,Clear,1,Cloudy,2,2020-01-30,2,1,1,3,1,0,0.02774663473822249,0.05530305289552354,-0.03725267355189793,8,0.047492080333921785,0.0039,0.01122,0.004638929643438817,0.006434522767959297,3,29
91,B6,B6,B6,2501,B6,N613JB,2501,12478,JFK,"New York, NY",11697,FLL,"Fort Lauderdale, FL",2000,2317,N,197,1,1069,Patchy moderate snow,1,Partly cloudy,1,2020-01-06,1,1,1,0,1,0,0.0532356565816952,0.01814795142384365,0.027142308915671882,2,0.028251636527725693,0.0166,0.01284,0.0201924811220438,0.013969014577416446,25,13
92,AS,AS,AS,64,AS,N622AS,64,10299,ANC,"Anchorage, AK",12523,JNU,"Juneau, AK",1105,1245,N,100,1,571,Light sleet,1,Moderate snow,2,2020-01-01,1,1,1,2,1,0,0.05816597363888349,0.057866140723193765,-0.025749633447661385,1,0.22531183208783437,0.00246,0.00056,0.012880890528044364,0.003194379012827588,1,24
93,UA,UA_CODESHARE,UA,3405,YX,N645RW,3405,12266,IAH,"Houston, TX",15370,TUL,"Tulsa, OK",1445,1618,N,93,1,429,Clear,1,Partly cloudy,1,2020-01-25,2,1,1,5,1,0,0.05552470357244471,0.056478204484436495,0.05591569564467608,7,0.22531183208783437,0.02232,0.00216,0.024859946428331066,0.002886409217557509,23,46
94,UA,UA_CODESHARE,UA,3895,ZW,N425AW,3895,12264,IAD,"Washington, DC",15016,STL,"St. Louis, MO",1705,1834,N,149,1,696,Partly cloudy,1,Partly cloudy,1,2020-01-17,3,1,1,4,1,0,0.06176477462962172,0.05965869019763986,0.05591569564467608,7,0.047492080333921785,0.01252,0.00896,0.014227989177984467,0.00816281480085607,22,44
95,WN,WN,WN,2567,WN,N458WN,2567,15304,TPA,"Tampa, FL",10821,BWI,"Baltimore, MD",920,1135,N,135,1,842,Cloudy,2,Light rain,1,2020-01-03,2,1,1,4,1,0,0.0623523504240782,0.05816597363888349,-0.03725267355189793,8,0.10185498550220896,0.0099,0.01352,0.009368311954019895,0.010323987455076521,51,4
96,WN,WN,WN,790,WN,N487WN,790,15304,TPA,"Tampa, FL",11066,CMH,"Columbus, OH",1955,2215,N,140,1,829,Partly cloudy,1,Overcast,2,2020-01-24,2,1,1,4,1,0,0.056196103622900465,0.03243353905202827,-0.03725267355189793,8,0.10185498550220896,0.0099,0.00632,0.009368311954019895,0.005341014631257319,51,7
97,DL,DL,DL,1380,DL,N383DN,1380,11193,CVG,"Cincinnati, OH",14635,RSW,"Fort Myers, FL",1352,1611,N,139,1,879,Mist,2,Partly cloudy,1,2020-01-27,1,1,1,0,1,0,0.05404407705061131,0.056478204484436495,-0.01954519343156605,3,0.10185498550220896,0.00628,0.00422,0.010447821463664141,0.004991048954814047,9,39
98,WN,WN,WN,1410,WN,N739GB,1410,14679,SAN,"San Diego, CA",13796,OAK,"Oakland, CA",1110,1245,N,95,1,446,Clear,1,Clear,1,2020-01-10,1,1,1,4,1,0,0.05816597363888349,0.057866140723193765,-0.03725267355189793,8,0.22531183208783437,0.01276,0.00674,0.008028212617608657,0.006780181174538651,45,34
99,AS,AS_CODESHARE,AS,2619,QX,N404QX,2619,14747,SEA,"Seattle, WA",11884,GEG,"Spokane, WA",745,852,N,67,1,224,Moderate or heavy rain shower,2,Moderate or heavy sleet,2,2020-01-28,1,1,1,1,1,0,0.05530305289552354,0.06609300784804596,-0.025749633447661385,1,0.35026571661163297,0.024,0.00276,0.017266229658245057,0.0025832851008843363,47,15
